ID,Restaurant Name,Restaurant Img Src,Restaurant Discount,Restaurant Link
1,Mona Pizza Cluj,https://tazzcdn.akamaized.net/uploads/cover/1678703303_food-pibig-info-p-karlo-pitstsa-oboi-2.png,-40% TOT meniul,https://tazz.ro/cluj-napoca/mona-pizza-cluj/15523/restaurant
2,Faretti,https://tazzcdn.akamaized.net/uploads/cover/renditionDownload_4_9.jpg,-40% TOT meniul,https://tazz.ro/cluj-napoca/faretti/19975/restaurant
3,Wrap in a box,https://tazzcdn.akamaized.net/uploads/cover/209758609_l_normal_none.jpg,-30% TOT meniul,https://tazz.ro/cluj-napoca/wrap-in-a-box/19150/restaurant
4,Dacbarbar,https://tazzcdn.akamaized.net/uploads/cover/poza_profil_tazz_resize.jpg,-30% TOT meniul,https://tazz.ro/cluj-napoca/dacbarbar/15106/restaurant
5,Magic Sushi,https://tazzcdn.akamaized.net/uploads/cover/Coperta_-_0W9A3003.jpg,-30% TOT meniul,https://tazz.ro/cluj-napoca/magic-sushi/5742/restaurant
6,SIP TASTY FOOD,https://tazzcdn.akamaized.net/uploads/cover/WhatsApp_Image_2023-12-04_at_12.12.34_c1cfff9d.jpg,-30% TOT meniul,https://tazz.ro/cluj-napoca/sip-tasty-food/15811/restaurant
7,Schnitzel on Wheels,https://tazzcdn.akamaized.net/uploads/cover/0_-_Cover_14.jpg,-30% TOT meniul,https://tazz.ro/cluj-napoca/schnitzel-on-wheels/1890/restaurant
8,Bistro LOVEGAN,https://tazzcdn.akamaized.net/uploads/cover/cover_234.jpg,-30% TOT meniul,https://tazz.ro/cluj-napoca/bistro-lovegan/6775/restaurant
9,20 Pizza,https://tazzcdn.akamaized.net/uploads/cover/pizza-baking-fast-food-lunch-business-lunch-restaurant-snacks-food-menu_2.jpg,-30% TOT meniul,https://tazz.ro/cluj-napoca/20-pizza/4217/restaurant
10,Power Fresh Food,https://tazzcdn.akamaized.net/uploads/cover/Meniu_club_sandwich_new_york_1.jpg,-30% TOT meniul,https://tazz.ro/cluj-napoca/power-fresh-food/1816/restaurant
11,PIZZA GIUSEPPE,https://tazzcdn.akamaized.net/uploads/cover/38FF07D9-754F-4218-906E-AEC10254D079.jpeg,-30% TOT meniul,https://tazz.ro/cluj-napoca/pizza-giuseppe/15697/restaurant
12,Hi Sushi,https://tazzcdn.akamaized.net/uploads/cover/coperta-hisushi.jpeg,-30% TOT meniul,https://tazz.ro/cluj-napoca/hi-sushi/7970/restaurant
13,Meat Up Floresti,https://tazzcdn.akamaized.net/uploads/cover/0_-_Cover_2_1.jpg,,https://tazz.ro/cluj-napoca/meat-up-floresti/15705/restaurant
14,Storia Cucina Centrale Floresti,https://tazzcdn.akamaized.net/uploads/cover/B91A8951.jpg,,https://tazz.ro/cluj-napoca/storia-cucina-centrale-floresti/4465/restaurant
15,Jaxx,https://tazzcdn.akamaized.net/uploads/cover/jaxx02.jpg,-30%,https://tazz.ro/cluj-napoca/jaxx/1399/restaurant
16,Gentlemen`s Bistro & Sports Bar,https://tazzcdn.akamaized.net/uploads/cover/2f32c16c9f0e0722d79d885f9ba082c0.jpg,-20%,https://tazz.ro/cluj-napoca/gentlemen-s-bistro-sports-bar/1289/restaurant
17,Irish & Music Pub,https://tazzcdn.akamaized.net/uploads/cover/ImagineFundal.jpg,,https://tazz.ro/cluj-napoca/irish-music-pub/3567/restaurant
18,Pasquale,https://tazzcdn.akamaized.net/uploads/cover/Poza_generala_Don_Pasquale.png,Doar pe Tazz,https://tazz.ro/cluj-napoca/pasquale/10160/restaurant
19,Black Out,https://tazzcdn.akamaized.net/uploads/cover/cover_316.jpg,-50%,https://tazz.ro/cluj-napoca/black-out/1333/restaurant
20,Znob Pizza Floresti,https://tazzcdn.akamaized.net/uploads/cover/znob_fl2.jpeg,,https://tazz.ro/cluj-napoca/znob-pizza-floresti/16796/restaurant
21,Poco Loco,https://tazzcdn.akamaized.net/uploads/cover/0_-_Cover_64.jpg,-30%,https://tazz.ro/cluj-napoca/poco-loco/1179/restaurant
22,Pizzeria Trattoria D`Autore,https://tazzcdn.akamaized.net/uploads/cover/cover_pizzerie1.jpg,-30%,https://tazz.ro/cluj-napoca/pizzeria-trattoria-d-autore/9874/restaurant
23,Marty West Side,https://tazzcdn.akamaized.net/uploads/cover/Cover_pic__Tazz_2.jpg,-25%,https://tazz.ro/cluj-napoca/marty-west-side/3128/restaurant
24,Klausen Burger Brewery,https://tazzcdn.akamaized.net/uploads/cover/web2020_11_KlausenBurger_CatalinHladi-1829.jpg,-30%,https://tazz.ro/cluj-napoca/klausen-burger-brewery/4547/restaurant
25,Atelierul de Pizza,https://tazzcdn.akamaized.net/uploads/cover/0_-_Cover_8.jpg,Bunătăți,https://tazz.ro/cluj-napoca/atelierul-de-pizza/1152/restaurant
26,/FORM Cafe,https://tazzcdn.akamaized.net/uploads/cover/cover111.png,1+1,https://tazz.ro/cluj-napoca/-form-cafe/15709/restaurant
27,Wrap in a box,https://tazzcdn.akamaized.net/uploads/cover/209758609_l_normal_none.jpg,-30% TOT meniul,https://tazz.ro/cluj-napoca/wrap-in-a-box/19150/restaurant
28,Marhaba Burger House,https://tazzcdn.akamaized.net/uploads/cover/7aad7dbf-c00b-45ec-b5b9-5367a690f785.png,,https://tazz.ro/cluj-napoca/marhaba-burger-house/19199/restaurant
29,Fusion Box,https://tazzcdn.akamaized.net/uploads/cover/fusion_cover_1.jpg,-20%,https://tazz.ro/cluj-napoca/fusion-box/19890/restaurant
30,Ciao New York,https://tazzcdn.akamaized.net/uploads/cover/renditionDownload_7_8.jpg,,https://tazz.ro/cluj-napoca/ciao-new-york/20140/restaurant
31,Apetit Catering - Meniul din suflet,https://tazzcdn.akamaized.net/uploads/cover/210483021_l_normal_none.jpg,,https://tazz.ro/cluj-napoca/apetit-catering-meniul-din-suflet/1531/restaurant
32,Back to Davinci,https://tazzcdn.akamaized.net/uploads/cover/203873957_l_normal_none23.jpg,-20%,https://tazz.ro/cluj-napoca/back-to-davinci/11695/restaurant
33,Dacbarbar,https://tazzcdn.akamaized.net/uploads/cover/poza_profil_tazz_resize.jpg,-30% TOT meniul,https://tazz.ro/cluj-napoca/dacbarbar/15106/restaurant
34,Sushi HATO - The Japanese Experience,https://tazzcdn.akamaized.net/uploads/cover/CoverHato_2-2.jpg,-50%,https://tazz.ro/cluj-napoca/sushi-hato-the-japanese-experience/5521/restaurant
35,Gelateria Gioelia Cluj Napoca,https://tazzcdn.akamaized.net/uploads/cover/cover_gioelia_6.jpg,,https://tazz.ro/cluj-napoca/gelateria-gioelia-cluj-napoca/18076/restaurant
36,Ronin Sushi delivery,https://tazzcdn.akamaized.net/uploads/cover/family_pack_nigiri_1.jpg,-30%,https://tazz.ro/cluj-napoca/ronin-sushi-delivery/9375/restaurant
37,La Nu Stiu Cine,https://tazzcdn.akamaized.net/uploads/cover/IMG_7028.jpg,,https://tazz.ro/cluj-napoca/la-nu-stiu-cine/3397/restaurant
38,Ucraina food,https://tazzcdn.akamaized.net/uploads/cover/Screenshot_2022-07-05_160531.jpg,-20%,https://tazz.ro/cluj-napoca/ucraina-food/14007/restaurant
39,Kebapci,https://tazzcdn.akamaized.net/uploads/cover/0_-_Cover-12.jpg,-10%,https://tazz.ro/cluj-napoca/kebapci/1530/restaurant
40,Sushi Omakase,https://tazzcdn.akamaized.net/uploads/cover/WhatsApp_Image_2020-08-04_at_14.54.43.jpeg,,https://tazz.ro/cluj-napoca/sushi-omakase/3454/restaurant
41,Pastellini,https://tazzcdn.akamaized.net/uploads/cover/AllAmatriciana_3-min.jpg,-20%,https://tazz.ro/cluj-napoca/pastellini/5562/restaurant
42,TRIB,https://tazzcdn.akamaized.net/uploads/cover/cover_276.jpg,,https://tazz.ro/cluj-napoca/trib/9828/restaurant
43,Nobil Sushi Floresti,https://tazzcdn.akamaized.net/uploads/cover/Nobil-Mix-1-770x513.jpg,Doar pe Tazz,https://tazz.ro/cluj-napoca/nobil-sushi-floresti/10752/restaurant
44,Pizzeria Golosa,https://tazzcdn.akamaized.net/uploads/cover/renditionDownload_18.jpg,,https://tazz.ro/cluj-napoca/pizzeria-golosa/15441/restaurant
45,GARLIC bites & tales,https://tazzcdn.akamaized.net/uploads/cover/209758583_l_normal_none.jpg,,https://tazz.ro/cluj-napoca/garlic-bites-tales/1405/restaurant
46,Hummus Wrap,https://tazzcdn.akamaized.net/uploads/cover/Menu_Kebab.jpg,Promo la livrare,https://tazz.ro/cluj-napoca/hummus-wrap/2250/restaurant
47,Asalt Food Truck,https://tazzcdn.akamaized.net/uploads/cover/Meniu_burger_dublu.jpg,-20%,https://tazz.ro/cluj-napoca/asalt-food-truck/5069/restaurant
48,Gloria Jean`s Coffees,https://tazzcdn.akamaized.net/uploads/cover/GJC_Cover_Tazz_Cluj.jpg,,https://tazz.ro/cluj-napoca/gloria-jean-s-coffees/7079/restaurant
49,Delice Waffle,https://tazzcdn.akamaized.net/uploads/cover/0_-__Cover.jpg,-30%,https://tazz.ro/cluj-napoca/delice-waffle/8462/restaurant
50,Zaki Oriental Restaurant Halal,https://tazzcdn.akamaized.net/uploads/cover/Arabic-food-social-media-image.png,,https://tazz.ro/cluj-napoca/zaki-oriental-restaurant-halal/19268/restaurant
51,Sushi Point,https://tazzcdn.akamaized.net/uploads/cover/All_salmon.jpg,-30%,https://tazz.ro/cluj-napoca/sushi-point/1213/restaurant
52,Gelateria Bulevard M,https://tazzcdn.akamaized.net/uploads/cover/0_-_Cover_48.jpg,,https://tazz.ro/cluj-napoca/gelateria-bulevard-m/7732/restaurant
53,Ciao Ragazzi,https://tazzcdn.akamaized.net/uploads/cover/ragazzi-cover.jpg,,https://tazz.ro/cluj-napoca/ciao-ragazzi/10501/restaurant
54,Nobil Sushi Cluj,https://tazzcdn.akamaized.net/uploads/cover/Nobil-Mix-1-770x513_1.jpg,Doar pe Tazz,https://tazz.ro/cluj-napoca/nobil-sushi-cluj/10749/restaurant
55,Verdino Planet,https://tazzcdn.akamaized.net/uploads/cover/banner_hungry_1920x1080_v2-01.jpg,1+1,https://tazz.ro/cluj-napoca/verdino-planet/15314/restaurant
56,Piadina Iulius Mall,https://tazzcdn.akamaized.net/uploads/cover/0_-_Cover_27.jpg,,https://tazz.ro/cluj-napoca/piadina-iulius-mall/1083/restaurant
57,Homemade Pizza,https://tazzcdn.akamaized.net/uploads/cover/Untitled_3.jpg,,https://tazz.ro/cluj-napoca/homemade-pizza/3814/restaurant
58,SUMESHI Sushi,https://tazzcdn.akamaized.net/uploads/cover/coperta_6_1.jpg,-30%,https://tazz.ro/cluj-napoca/sumeshi-sushi/13444/restaurant
59,Little Hanoi Restaurant,https://tazzcdn.akamaized.net/uploads/cover/0_-_Cover_13.jpg,,https://tazz.ro/cluj-napoca/little-hanoi-restaurant/1254/restaurant
60,Tortelli Pasta Bar,https://tazzcdn.akamaized.net/uploads/cover/B91A5165_1.jpg,,https://tazz.ro/cluj-napoca/tortelli-pasta-bar/1342/restaurant
61,Magic Coco,https://tazzcdn.akamaized.net/uploads/cover/thumbnail.jfif,-30%,https://tazz.ro/cluj-napoca/magic-coco/1719/restaurant
62,The Masters,https://tazzcdn.akamaized.net/uploads/cover/Capture_2.png,-30%,https://tazz.ro/cluj-napoca/the-masters/3986/restaurant
63,Crunchy Pizza,https://tazzcdn.akamaized.net/uploads/cover/225258529-1072926283242408-4286088190709823653-n1.jpeg,,https://tazz.ro/cluj-napoca/crunchy-pizza/8504/restaurant
64,Taste of Asia Chef Cuisine,https://tazzcdn.akamaized.net/uploads/cover/renditionDownload_1.jpg,-40%,https://tazz.ro/cluj-napoca/taste-of-asia-chef-cuisine/11127/restaurant
65,The Griddle,https://tazzcdn.akamaized.net/uploads/cover/banner_platforma_1.jpg,,https://tazz.ro/cluj-napoca/the-griddle/14386/restaurant
66,SUSHI YAMAMORI,https://tazzcdn.akamaized.net/uploads/cover/renditionDownload_-_2023-02-09T151654.100.jpg,1+1,https://tazz.ro/cluj-napoca/sushi-yamamori/15917/restaurant
67,Color Pizza,https://tazzcdn.akamaized.net/uploads/cover/colorpizza.jpg,-25% TOT meniul,https://tazz.ro/cluj-napoca/color-pizza/18226/restaurant
68,Poco Loco Floresti,https://tazzcdn.akamaized.net/uploads/cover/0_-_Cover_62.jpg,-30%,https://tazz.ro/cluj-napoca/poco-loco-floresti/1181/restaurant
69,Gorgeous Restaurant,https://tazzcdn.akamaized.net/uploads/cover/Cover_.jpg,-20%,https://tazz.ro/cluj-napoca/gorgeous-restaurant/3870/restaurant
70,La Casa Delivery Sweets Vivo!,https://tazzcdn.akamaized.net/uploads/cover/73468_floricele_cu_gem.jpg,,https://tazz.ro/cluj-napoca/la-casa-delivery-sweets-vivo-/4411/restaurant
71,Bistro La Turku,https://tazzcdn.akamaized.net/uploads/cover/142799385_432856241490112_7526413467795483379_n.jpg,-20%,https://tazz.ro/cluj-napoca/bistro-la-turku/5593/restaurant
72,Magic Sushi,https://tazzcdn.akamaized.net/uploads/cover/Coperta_-_0W9A3003.jpg,-30% TOT meniul,https://tazz.ro/cluj-napoca/magic-sushi/5742/restaurant
73,California Burger (Floresti),https://tazzcdn.akamaized.net/uploads/cover/poza_cover_restaurant.jpg,,https://tazz.ro/cluj-napoca/california-burger-floresti-/5981/restaurant
74,VegEatUp!,https://tazzcdn.akamaized.net/uploads/cover/zr-9482cover.jpeg,-30%,https://tazz.ro/cluj-napoca/vegeatup-/8586/restaurant
75,Pasta Nostra Cluj,https://tazzcdn.akamaized.net/uploads/cover/Poza_profil_1.jpg,,https://tazz.ro/cluj-napoca/pasta-nostra-cluj/12624/restaurant
76,Meat Up,https://tazzcdn.akamaized.net/uploads/cover/0_-_Cover_2.jpg,,https://tazz.ro/cluj-napoca/meat-up/1087/restaurant
77,Trattoria Gemellini,https://tazzcdn.akamaized.net/uploads/cover/Cover_Gemellini.jpg,,https://tazz.ro/cluj-napoca/trattoria-gemellini/1183/restaurant
78,Mates Pub,https://tazzcdn.akamaized.net/uploads/cover/0_-_Cover_-_Copy_1.jpg,,https://tazz.ro/cluj-napoca/mates-pub/1387/restaurant
79,Sandwich Shop,https://tazzcdn.akamaized.net/uploads/cover/ssh.jpg,,https://tazz.ro/cluj-napoca/sandwich-shop/1487/restaurant
80,Roata,https://tazzcdn.akamaized.net/uploads/cover/Supa_de_salata_verde_cu_bulz20.jpg,Bunătăți,https://tazz.ro/cluj-napoca/roata/1768/restaurant
81,Asalt,https://tazzcdn.akamaized.net/uploads/cover/Meniu_burger_dublu_1.jpg,-20%,https://tazz.ro/cluj-napoca/asalt/11544/restaurant
82,SIP TASTY FOOD,https://tazzcdn.akamaized.net/uploads/cover/WhatsApp_Image_2023-12-04_at_12.12.34_c1cfff9d.jpg,-30% TOT meniul,https://tazz.ro/cluj-napoca/sip-tasty-food/15811/restaurant
83,Apropo Pizza,https://tazzcdn.akamaized.net/uploads/cover/17554089-by-the-way.f3f80e3-wjj5DKV.jpg,,https://tazz.ro/cluj-napoca/apropo-pizza/16283/restaurant
84,Thai Food,https://tazzcdn.akamaized.net/uploads/cover/POZA_FUNDAL.jpg,,https://tazz.ro/cluj-napoca/thai-food/18207/restaurant
85,The Doner Place Delivery by Doner Maxx,https://tazzcdn.akamaized.net/uploads/cover/cover12345_1.jpg,,https://tazz.ro/cluj-napoca/the-doner-place-delivery-by-doner-maxx/18862/restaurant
86,BERRAK KEBAB,https://tazzcdn.akamaized.net/uploads/cover/sistavuklalipie.jpg,,https://tazz.ro/cluj-napoca/berrak-kebab/19894/restaurant
87,Znob Pizza,https://tazzcdn.akamaized.net/uploads/cover/znobjohn2.jpeg,-20%,https://tazz.ro/cluj-napoca/znob-pizza/1133/restaurant
88,Gandhi,https://tazzcdn.akamaized.net/uploads/cover/Grup.jpg,-20%,https://tazz.ro/cluj-napoca/gandhi/4120/restaurant
89,Storia Cucina Centrale Cluj,https://tazzcdn.akamaized.net/uploads/cover/B91A8953.jpg,,https://tazz.ro/cluj-napoca/storia-cucina-centrale-cluj/4466/restaurant
90,La Ayan,https://tazzcdn.akamaized.net/uploads/cover/MicrosoftTeams-image_62.png,,https://tazz.ro/cluj-napoca/la-ayan/7044/restaurant
91,Bacania Bolloga,https://tazzcdn.akamaized.net/uploads/cover/cover_2_3.jfif,,https://tazz.ro/cluj-napoca/bacania-bolloga/12651/restaurant
92,Phoenix Cluj,https://tazzcdn.akamaized.net/uploads/cover/cover_phoenix.jpg,,https://tazz.ro/cluj-napoca/phoenix-cluj/13205/restaurant
93,The Food Station Grill Pasta,https://tazzcdn.akamaized.net/uploads/cover/k_Photo_Recipe_Ramp_Up_2022-04-Penne-Pomodoro_IMG_8136_R3.jfif,1+1,https://tazz.ro/cluj-napoca/the-food-station-grill-pasta/15719/restaurant
94,Sisters Pizza,https://tazzcdn.akamaized.net/uploads/cover/cover_sisters.jpg,,https://tazz.ro/cluj-napoca/sisters-pizza/15870/restaurant
95,Antica Pizza,https://tazzcdn.akamaized.net/uploads/cover/Pizza_Prosciutto_funghi.jpg,-20% TOT meniul,https://tazz.ro/cluj-napoca/antica-pizza/1097/restaurant
96,Il Forno,https://tazzcdn.akamaized.net/uploads/cover/Prosciutto_crudo.jpg,-30%,https://tazz.ro/cluj-napoca/il-forno/4199/restaurant
97,Gente Senior,https://tazzcdn.akamaized.net/uploads/cover/gene.jpg,,https://tazz.ro/cluj-napoca/gente-senior/4220/restaurant
98,Rummu Citrus,https://tazzcdn.akamaized.net/uploads/cover/Rummu_new_cover.jpg,Doar pe Tazz,https://tazz.ro/cluj-napoca/rummu-citrus/4345/restaurant
99,Bussola,https://tazzcdn.akamaized.net/uploads/cover/0_-_Cover_38.jpg,-25%,https://tazz.ro/cluj-napoca/bussola/5062/restaurant
100,Donuterie Iulius Mall Cluj,https://tazzcdn.akamaized.net/uploads/cover/cover-donuts_2.jpg,,https://tazz.ro/cluj-napoca/donuterie-iulius-mall-cluj/6422/restaurant
101,Cugini Pizza,https://tazzcdn.akamaized.net/uploads/cover/cover_182.jpg,-20% TOT meniul,https://tazz.ro/cluj-napoca/cugini-pizza/9293/restaurant
102,Rosa Pizzerie Florești,https://tazzcdn.akamaized.net/uploads/cover/pizza_rosa_floresti.jpg,,https://tazz.ro/cluj-napoca/rosa-pizzerie-floresti/10799/restaurant
103,GARLIC bites & tales Delivery,https://tazzcdn.akamaized.net/uploads/cover/209758574_l_normal_none.jpg,,https://tazz.ro/cluj-napoca/garlic-bites-tales-delivery/14473/restaurant
104,Miracolul Raclette,https://tazzcdn.akamaized.net/uploads/cover/17._Profil.jpg,,https://tazz.ro/cluj-napoca/miracolul-raclette/15511/restaurant
105,Pizza Johnny,https://tazzcdn.akamaized.net/uploads/cover/Bianca_e_speck.jpg,,https://tazz.ro/cluj-napoca/pizza-johnny/15815/restaurant
106,SHTO,https://tazzcdn.akamaized.net/uploads/cover/renditionDownload_238.jpg,-20%,https://tazz.ro/cluj-napoca/shto/18996/restaurant
107,Ronin Sushi,https://tazzcdn.akamaized.net/uploads/cover/family_pack_nigiri.jpg,-30%,https://tazz.ro/cluj-napoca/ronin-sushi/1221/restaurant
108,Wasabi Sushi Delivery Cluj,https://tazzcdn.akamaized.net/uploads/cover/WhatsApp_Image_2020-06-16_at_14.02.39.jpeg,,https://tazz.ro/cluj-napoca/wasabi-sushi-delivery-cluj/1813/restaurant
109,Barbacoa S.M.O.K.E.R.,https://tazzcdn.akamaized.net/uploads/cover/WhatsApp_Image_2021-03-22_at_11.09.34.jpeg,-20%,https://tazz.ro/cluj-napoca/barbacoa-s-m-o-k-e-r-/5230/restaurant
110,Shepherd’s Pub & Kitchen,https://tazzcdn.akamaized.net/uploads/cover/0_-_Cover_35.jpg,,https://tazz.ro/cluj-napoca/shepherd-s-pub-kitchen/6226/restaurant
111,Yummy Yang Vivo - Cluj,https://tazzcdn.akamaized.net/uploads/cover/0__Cover.jpg,,https://tazz.ro/cluj-napoca/yummy-yang-vivo-cluj/6716/restaurant
112,London Brothers,https://tazzcdn.akamaized.net/uploads/cover/blue_meniu.jpg,-30%,https://tazz.ro/cluj-napoca/london-brothers/8543/restaurant
113,Thessaly Greek Taverna,https://tazzcdn.akamaized.net/uploads/cover/X_365.jpg,,https://tazz.ro/cluj-napoca/thessaly-greek-taverna/9604/restaurant
114,Pizzarelli Strada,https://tazzcdn.akamaized.net/uploads/cover/tasty-pizza-with-cherries-onions-1081454.jpg,,https://tazz.ro/cluj-napoca/pizzarelli-strada/10776/restaurant
115,Pizzeria Venezia,https://tazzcdn.akamaized.net/uploads/cover/209290031_l_normal_none.jpg,,https://tazz.ro/cluj-napoca/pizzeria-venezia/10879/restaurant
116,Marhaba Lebanese Restaurant,https://tazzcdn.akamaized.net/uploads/cover/falafel_cover.jpg,,https://tazz.ro/cluj-napoca/marhaba-lebanese-restaurant/11520/restaurant
117,Sopra Experience,https://tazzcdn.akamaized.net/uploads/cover/WhatsApp_Image_2023-01-26_at_15.10.35_1.jpeg,-30%,https://tazz.ro/cluj-napoca/sopra-experience/14610/restaurant
118,Lucky Noodles,https://tazzcdn.akamaized.net/uploads/cover/renditionDownload_-_2023-03-13T132517.330.jpg,Promo la livrare,https://tazz.ro/cluj-napoca/lucky-noodles/16298/restaurant
119,Deliciul Urban Pizza&Food Delivery,https://tazzcdn.akamaized.net/uploads/cover/thumb-1920-912623_1.jpg,,https://tazz.ro/cluj-napoca/deliciul-urban-pizza-food-delivery/7150/restaurant
120,Eggo - this is how we brunch,https://tazzcdn.akamaized.net/uploads/cover/199314824_l_normal_none01.jpg,-20%,https://tazz.ro/cluj-napoca/eggo-this-is-how-we-brunch/12381/restaurant
121,Big Belly Cluj,https://tazzcdn.akamaized.net/uploads/cover/big_belly_cover.jpg,-20%,https://tazz.ro/cluj-napoca/big-belly-cluj/1121/restaurant
122,Sorriso Bistro,https://tazzcdn.akamaized.net/uploads/cover/50250740_2083454561895972_6343787625291186176_n.jpg,,https://tazz.ro/cluj-napoca/sorriso-bistro/1123/restaurant
123,Euphoria Biergarten Cluj,https://tazzcdn.akamaized.net/uploads/cover/Euphoria_Cluj_Cover.jpg,Bunătăți,https://tazz.ro/cluj-napoca/euphoria-biergarten-cluj/1175/restaurant
124,Double Cheese Floresti,https://tazzcdn.akamaized.net/uploads/cover/pizza-1949183__340.webp,-30%,https://tazz.ro/cluj-napoca/double-cheese-floresti/1182/restaurant
125,Easy Chilli Floresti,https://tazzcdn.akamaized.net/uploads/cover/Diavolo_Chili.jpg,-30%,https://tazz.ro/cluj-napoca/easy-chilli-floresti/1300/restaurant
126,Pizzarelli-Pizza Bar,https://tazzcdn.akamaized.net/uploads/cover/FranciscPhotographer-4_Poza_noua_cover_Pizzarelli.jpg,,https://tazz.ro/cluj-napoca/pizzarelli-pizza-bar/1411/restaurant
127,Schnitzel on Wheels,https://tazzcdn.akamaized.net/uploads/cover/0_-_Cover_14.jpg,-30% TOT meniul,https://tazz.ro/cluj-napoca/schnitzel-on-wheels/1890/restaurant
128,Cofetaria Olympos,https://tazzcdn.akamaized.net/uploads/cover/erros_cioco.jpg,,https://tazz.ro/cluj-napoca/cofetaria-olympos/4247/restaurant
129,Pizzeria Paulino,https://tazzcdn.akamaized.net/uploads/cover/fresh-pepperoni-pizza-on-black.jpg,,https://tazz.ro/cluj-napoca/pizzeria-paulino/4713/restaurant
130,The Crunchery,https://tazzcdn.akamaized.net/uploads/cover/screenshot-2021-08-13-145539.jpg,,https://tazz.ro/cluj-napoca/the-crunchery/8402/restaurant
131,Grande,https://tazzcdn.akamaized.net/uploads/cover/poza_generala.png,-30%,https://tazz.ro/cluj-napoca/grande/10153/restaurant
132,London Brothers Pizza,https://tazzcdn.akamaized.net/uploads/cover/winter.jpg,-30%,https://tazz.ro/cluj-napoca/london-brothers-pizza/13252/restaurant
133,Indigo,https://tazzcdn.akamaized.net/uploads/cover/Kadai_Paneer.jpg,-30%,https://tazz.ro/cluj-napoca/indigo/1140/restaurant
134,Express Chef,https://tazzcdn.akamaized.net/uploads/cover/exch_cover.jpg,Doar pe Tazz,https://tazz.ro/cluj-napoca/express-chef/1154/restaurant
135,Captain Burger,https://tazzcdn.akamaized.net/uploads/cover/cptburger.jpg,,https://tazz.ro/cluj-napoca/captain-burger/3174/restaurant
136,Mado Cluj Iulius Mall,https://tazzcdn.akamaized.net/uploads/cover/X_copy.jpg,-30%,https://tazz.ro/cluj-napoca/mado-cluj-iulius-mall/3747/restaurant
137,Romanian Burger BBQ,https://tazzcdn.akamaized.net/uploads/cover/cvoerromanian.jpg,-20%,https://tazz.ro/cluj-napoca/romanian-burger-bbq/4258/restaurant
138,Berar Restaurant,https://tazzcdn.akamaized.net/uploads/cover/166951419_l_normal_none.jpg,1+1,https://tazz.ro/cluj-napoca/berar-restaurant/4638/restaurant
139,Mesopotamia - Cluj,https://tazzcdn.akamaized.net/uploads/cover/poza_cover_-_1920_x_1080_15.jpg,,https://tazz.ro/cluj-napoca/mesopotamia-cluj/8855/restaurant
140,Napoli Centrale,https://tazzcdn.akamaized.net/uploads/cover/77066430_2186976784736931_978337367561601024_o.jpg,,https://tazz.ro/cluj-napoca/napoli-centrale/1439/restaurant
141,Makeba,https://tazzcdn.akamaized.net/uploads/cover/0_-_Cover_19.jpg,,https://tazz.ro/cluj-napoca/makeba/3280/restaurant
142,Bistro LOVEGAN,https://tazzcdn.akamaized.net/uploads/cover/cover_234.jpg,-30% TOT meniul,https://tazz.ro/cluj-napoca/bistro-lovegan/6775/restaurant
143,Restaurant Shanghai,https://tazzcdn.akamaized.net/uploads/cover/IMG_2943.jpg,,https://tazz.ro/cluj-napoca/restaurant-shanghai/8532/restaurant
144,Cofetaria Arta Atelier de dulce Floresti,https://tazzcdn.akamaized.net/uploads/cover/X_231_1.jpg,Bunătăți,https://tazz.ro/cluj-napoca/cofetaria-arta-atelier-de-dulce-floresti/14635/restaurant
145,LaListe Iulius Mall Cluj,https://tazzcdn.akamaized.net/uploads/cover/cover_183.jpg,Doar pe Tazz,https://tazz.ro/cluj-napoca/laliste-iulius-mall-cluj/17420/restaurant
146,Samsara,https://tazzcdn.akamaized.net/uploads/cover/thumbnail_samsara_natuu_deli_si_cover-86p_2.jpg,-35%,https://tazz.ro/cluj-napoca/samsara/2963/restaurant
147,Cartofisserie - Iulius Mall Cluj-Napoca,https://tazzcdn.akamaized.net/uploads/cover/Cartofi_la_costum_8.jpg,,https://tazz.ro/cluj-napoca/cartofisserie-iulius-mall-cluj-napoca/3668/restaurant
148,20 Pizza,https://tazzcdn.akamaized.net/uploads/cover/pizza-baking-fast-food-lunch-business-lunch-restaurant-snacks-food-menu_2.jpg,-30% TOT meniul,https://tazz.ro/cluj-napoca/20-pizza/4217/restaurant
149,Pizza Hai Hui,https://tazzcdn.akamaized.net/uploads/cover/COVER._0031.jpg,,https://tazz.ro/cluj-napoca/pizza-hai-hui/4558/restaurant
150,Mesopotamia - Centrul Comercial Vivo,https://tazzcdn.akamaized.net/uploads/cover/poza_cover_-_1920_x_1080_18_1.jpg,,https://tazz.ro/cluj-napoca/mesopotamia-centrul-comercial-vivo/9640/restaurant
151,The Classic,https://tazzcdn.akamaized.net/uploads/cover/cover_12_5.jpg,,https://tazz.ro/cluj-napoca/the-classic/12620/restaurant
152,Casa Dacilor,https://tazzcdn.akamaized.net/uploads/cover/casa_dacilor.jpg,Bunătăți,https://tazz.ro/cluj-napoca/casa-dacilor/1228/restaurant
153,Mado Cluj Vivo Mall,https://tazzcdn.akamaized.net/uploads/cover/X_copy_1.jpg,-30%,https://tazz.ro/cluj-napoca/mado-cluj-vivo-mall/3748/restaurant
154,Papa Land Floresti,https://tazzcdn.akamaized.net/uploads/cover/0_-_Cover_4.jpg,-30%,https://tazz.ro/cluj-napoca/papa-land-floresti/3944/restaurant
155,Motor Rock Bistro,https://tazzcdn.akamaized.net/uploads/cover/motor_rock_bistro_cover.jpg,,https://tazz.ro/cluj-napoca/motor-rock-bistro/7822/restaurant
156,Meniul Zilei by Papa Land Floresti,https://tazzcdn.akamaized.net/uploads/cover/easy-vegetable-soup-4_1.jpg,-20%,https://tazz.ro/cluj-napoca/meniul-zilei-by-papa-land-floresti/8698/restaurant
157,Tasty Delivery,https://tazzcdn.akamaized.net/uploads/cover/WhatsApp_Image_2022-05-19_at_10.52.23.jpeg,-30%,https://tazz.ro/cluj-napoca/tasty-delivery/11057/restaurant
158,Cook Out,https://tazzcdn.akamaized.net/uploads/cover/Burger_Black_Angus_1.jpg,,https://tazz.ro/cluj-napoca/cook-out/15675/restaurant
159,Focco,https://tazzcdn.akamaized.net/uploads/cover/cover_focco.jpg,-20%,https://tazz.ro/cluj-napoca/focco/16649/restaurant
160,Power Fresh Food,https://tazzcdn.akamaized.net/uploads/cover/Meniu_club_sandwich_new_york_1.jpg,-30% TOT meniul,https://tazz.ro/cluj-napoca/power-fresh-food/1816/restaurant
161,Wasabi Sushi Delivery Vivo - Cluj,https://tazzcdn.akamaized.net/uploads/cover/WhatsApp_Image_2020-06-16_at_14.02.39_2.jpeg,,https://tazz.ro/cluj-napoca/wasabi-sushi-delivery-vivo-cluj/2990/restaurant
162,Trattoria Pineta,https://tazzcdn.akamaized.net/uploads/cover/5203121531.jfif,,https://tazz.ro/cluj-napoca/trattoria-pineta/11180/restaurant
163,Sushi Cluj,https://tazzcdn.akamaized.net/uploads/cover/cover_hello_1.jpeg,,https://tazz.ro/cluj-napoca/sushi-cluj/12444/restaurant
164,Bruto,https://tazzcdn.akamaized.net/uploads/cover/8.02_Mitzu_cover-1920x1080px_colaj.jpg,Doar pe Tazz,https://tazz.ro/cluj-napoca/bruto/14219/restaurant
165,PIZZA GIUSEPPE,https://tazzcdn.akamaized.net/uploads/cover/38FF07D9-754F-4218-906E-AEC10254D079.jpeg,-30% TOT meniul,https://tazz.ro/cluj-napoca/pizza-giuseppe/15697/restaurant
166,Bick`s,https://tazzcdn.akamaized.net/uploads/cover/thumbnail_aripioare-picante_cu_sos.jpg,-30%,https://tazz.ro/cluj-napoca/bick-s/18492/restaurant
167,Artizan Pizza,https://tazzcdn.akamaized.net/uploads/cover/artizan-scaled.jpg,-30%,https://tazz.ro/cluj-napoca/artizan-pizza/1256/restaurant
168,Pizza Spaghetti Rex,https://tazzcdn.akamaized.net/uploads/cover/Pizza_Quattro_Stagioni.jpg,,https://tazz.ro/cluj-napoca/pizza-spaghetti-rex/1908/restaurant
169,Desaga Cluj,https://tazzcdn.akamaized.net/uploads/cover/desagacover_1.png,,https://tazz.ro/cluj-napoca/desaga-cluj/9456/restaurant
170,Cartofisserie - Vivo! Cluj,https://tazzcdn.akamaized.net/uploads/cover/Cartofi_la_costum_17.jpg,,https://tazz.ro/cluj-napoca/cartofisserie-vivo-cluj/3669/restaurant
171,Trattoria Sapori Delivery,https://tazzcdn.akamaized.net/uploads/cover/Pizza_Tirolese.jpeg,,https://tazz.ro/cluj-napoca/trattoria-sapori-delivery/7282/restaurant
172,Verro Kitchen,https://tazzcdn.akamaized.net/uploads/cover/verro.jpeg,-30%,https://tazz.ro/cluj-napoca/verro-kitchen/11457/restaurant
173,Element - Pasta Bar,https://tazzcdn.akamaized.net/uploads/cover/Cover_8_3.jpg,-30%,https://tazz.ro/cluj-napoca/element-pasta-bar/19776/restaurant
174,La Tina Bistro,https://tazzcdn.akamaized.net/uploads/cover/18654899-milanese.da75696-VUze9Ik.jpg,-30%,https://tazz.ro/cluj-napoca/la-tina-bistro/2490/restaurant
175,Starbucks® Polus Cluj,https://tazzcdn.akamaized.net/uploads/cover/Untitled_design_cover_oficial_21.png,Bunătăți,https://tazz.ro/cluj-napoca/starbucks-polus-cluj/5686/restaurant
176,Starbucks® Platinia Mall,https://tazzcdn.akamaized.net/uploads/cover/Untitled_design_cover_oficial_19.png,Bunătăți,https://tazz.ro/cluj-napoca/starbucks-platinia-mall/5688/restaurant
177,Sushi Master Cluj,https://tazzcdn.akamaized.net/uploads/cover/cover_tazz_17.png,-30%,https://tazz.ro/cluj-napoca/sushi-master-cluj/9886/restaurant
178,Gustador,https://tazzcdn.akamaized.net/uploads/cover/combo_traditional.jpg,-20%,https://tazz.ro/cluj-napoca/gustador/1089/restaurant
179,Fabrica de Bere - Euphoria,https://tazzcdn.akamaized.net/uploads/cover/TNY05116.jpg,Bunătăți,https://tazz.ro/cluj-napoca/fabrica-de-bere-euphoria/1170/restaurant
180,Deliciul Urban Pizza&Food,https://tazzcdn.akamaized.net/uploads/cover/thumb-1920-912623.jpg,,https://tazz.ro/cluj-napoca/deliciul-urban-pizza-food/1210/restaurant
181,Crama Haiducilor,https://tazzcdn.akamaized.net/uploads/cover/POZA_PROFIL.jpg,,https://tazz.ro/cluj-napoca/crama-haiducilor/1776/restaurant
182,Cartofisserie-Unirii Cluj,https://tazzcdn.akamaized.net/uploads/cover/Cartofi_la_costum_18.jpg,,https://tazz.ro/cluj-napoca/cartofisserie-unirii-cluj/3701/restaurant
183,Hi Sushi,https://tazzcdn.akamaized.net/uploads/cover/coperta-hisushi.jpeg,-30% TOT meniul,https://tazz.ro/cluj-napoca/hi-sushi/7970/restaurant
184,Holy Cannoli,https://tazzcdn.akamaized.net/uploads/cover/cannolo_cu_fistic.jpg,Doar pe Tazz,https://tazz.ro/cluj-napoca/holy-cannoli/10372/restaurant
185,Sushi on Fire,https://tazzcdn.akamaized.net/uploads/cover/FRIED_SUSHI_SOF_PU27_front_Tazz_Glovo.jpg,,https://tazz.ro/cluj-napoca/sushi-on-fire/14499/restaurant
186,Perfetto Cucina Italiana,https://tazzcdn.akamaized.net/uploads/cover/Coperta_2.jpg,-30%,https://tazz.ro/cluj-napoca/perfetto-cucina-italiana/1391/restaurant
187,Starbucks® Iulius Mall Cluj,https://tazzcdn.akamaized.net/uploads/cover/Untitled_design_cover_oficial_8.png,Bunătăți,https://tazz.ro/cluj-napoca/starbucks-iulius-mall-cluj/5684/restaurant
188,Accapulco - Food Lounge,https://tazzcdn.akamaized.net/uploads/cover/renditionDownload_3_7.jpg,,https://tazz.ro/cluj-napoca/accapulco-food-lounge/19899/restaurant
189,Apropo Bistro,https://tazzcdn.akamaized.net/uploads/cover/Apropo-85.jpg,1+1,https://tazz.ro/cluj-napoca/apropo-bistro/1153/restaurant
190,Wonder Food,https://tazzcdn.akamaized.net/uploads/cover/121967554_2661260260803094_3775352711538544936_n.jpg,,https://tazz.ro/cluj-napoca/wonder-food/4306/restaurant
191,Perfetto Pizza Italiano,https://tazzcdn.akamaized.net/uploads/cover/Verdure.jpg,-30%,https://tazz.ro/cluj-napoca/perfetto-pizza-italiano/4502/restaurant
192,Sushi Mania,https://tazzcdn.akamaized.net/uploads/cover/sm_clasic_box_1.jpg,,https://tazz.ro/cluj-napoca/sushi-mania/5097/restaurant
193,Burger House Delivery,https://tazzcdn.akamaized.net/uploads/cover/104133761_2575918055991283_7907004107402727772_op_2.jpg,,https://tazz.ro/cluj-napoca/burger-house-delivery/5410/restaurant
194,MEATBALLS,https://tazzcdn.akamaized.net/uploads/cover/PozaPrincipalaMB_v2.jpg,-20% TOT meniul,https://tazz.ro/cluj-napoca/meatballs/18123/restaurant
195,Cupidon Pizza,https://tazzcdn.akamaized.net/uploads/cover/0_-_Cover_37.jpg,-30%,https://tazz.ro/cluj-napoca/cupidon-pizza/1211/restaurant
196,Papa Land,https://tazzcdn.akamaized.net/uploads/cover/0_-_Cover_3.jpg,-20%,https://tazz.ro/cluj-napoca/papa-land/1245/restaurant
197,Wasabi Sushi Delivery Iulius Mall,https://tazzcdn.akamaized.net/uploads/cover/WhatsApp_Image_2020-06-16_at_14.02.39_1.jpeg,,https://tazz.ro/cluj-napoca/wasabi-sushi-delivery-iulius-mall/3023/restaurant
198,Twelve by brava,https://tazzcdn.akamaized.net/uploads/cover/Cover_Brava1.jpg,,https://tazz.ro/cluj-napoca/twelve-by-brava/9417/restaurant
199,Frank The Tank,https://tazzcdn.akamaized.net/uploads/cover/frank_cover.jpg,Doar pe Tazz,https://tazz.ro/cluj-napoca/frank-the-tank/15150/restaurant
200,Mona Pizza Cluj,https://tazzcdn.akamaized.net/uploads/cover/1678703303_food-pibig-info-p-karlo-pitstsa-oboi-2.png,-40% TOT meniul,https://tazz.ro/cluj-napoca/mona-pizza-cluj/15523/restaurant
201,Pizzeria Bianco,https://tazzcdn.akamaized.net/uploads/cover/Coperta_7.jpg,-35%,https://tazz.ro/cluj-napoca/pizzeria-bianco/16911/restaurant
202,Hanul din Ardeal Floresti,https://tazzcdn.akamaized.net/uploads/cover/coverhan.jpeg,-20%,https://tazz.ro/cluj-napoca/hanul-din-ardeal-floresti/10918/restaurant
203,Sisters,https://tazzcdn.akamaized.net/uploads/cover/DSC_0210_3grg.jpg,,https://tazz.ro/cluj-napoca/sisters/4694/restaurant
204,Pizza Store,https://tazzcdn.akamaized.net/uploads/cover/renditionDownload_284.jpg,-30% TOT meniul,https://tazz.ro/cluj-napoca/pizza-store/20228/restaurant
205,Marty Delivery,https://tazzcdn.akamaized.net/uploads/cover/Cover_pic__Tazz.jpg,-25%,https://tazz.ro/cluj-napoca/marty-delivery/1186/restaurant
206,Mother Pizza,https://tazzcdn.akamaized.net/uploads/cover/Pizza_Prosciutto_e_Funghi.jpg,,https://tazz.ro/cluj-napoca/mother-pizza/9190/restaurant
207,Visuin,https://tazzcdn.akamaized.net/uploads/cover/tazz_cover_visuin_.jpg,,https://tazz.ro/cluj-napoca/visuin/9722/restaurant
208,PIZZERIA REGGINA,https://tazzcdn.akamaized.net/uploads/cover/MENIU_FAMILY.jpg,-30% TOT meniul,https://tazz.ro/cluj-napoca/pizzeria-reggina/15701/restaurant
209,PapaBox Cluj Napoca,https://tazzcdn.akamaized.net/uploads/cover/Cover_tazz_1920px_X_1080px.jpg,-20% TOT meniul,https://tazz.ro/cluj-napoca/papabox-cluj-napoca/17070/restaurant
210,Pokka,https://tazzcdn.akamaized.net/uploads/cover/POKKA.jpg,-30%,https://tazz.ro/cluj-napoca/pokka/1091/restaurant
211,New Croco Pizzerie & Restaurant,https://tazzcdn.akamaized.net/uploads/cover/IMG_3324-1903x950.jpg,,https://tazz.ro/cluj-napoca/new-croco-pizzerie-restaurant/1699/restaurant
212,JB Burger by La Tina,https://tazzcdn.akamaized.net/uploads/cover/3bc2bbf9-aba8-4ba1-8cb1-4bd65f09e5c3.jpg,-30%,https://tazz.ro/cluj-napoca/jb-burger-by-la-tina/5577/restaurant
213,London Brothers Delivery,https://tazzcdn.akamaized.net/uploads/cover/blue_meniu_1.jpg,-30%,https://tazz.ro/cluj-napoca/london-brothers-delivery/8544/restaurant
214,Crispyteria,https://tazzcdn.akamaized.net/uploads/cover/crispy_burger_1.jpg,-30% TOT meniul,https://tazz.ro/cluj-napoca/crispyteria/9703/restaurant
215,Zucca Bistro,https://tazzcdn.akamaized.net/uploads/cover/WhatsApp_Image_2020-04-24_at_20.51.18.jpg,,https://tazz.ro/cluj-napoca/zucca-bistro/14637/restaurant
216,PIZZERIA DALLAS,https://tazzcdn.akamaized.net/uploads/cover/97576f67405021.5b38e7a7afc81_1.jpg,-30% TOT meniul,https://tazz.ro/cluj-napoca/pizzeria-dallas/15700/restaurant
217,CRYPTO PIZZA,https://tazzcdn.akamaized.net/uploads/cover/renditionDownload_125.jpg,-30%,https://tazz.ro/cluj-napoca/crypto-pizza/15702/restaurant
218,Faretti,https://tazzcdn.akamaized.net/uploads/cover/renditionDownload_4_9.jpg,-40% TOT meniul,https://tazz.ro/cluj-napoca/faretti/19975/restaurant
219,Piemonte Pizza,https://tazzcdn.akamaized.net/uploads/cover/Quattro_Stagioni.jpg,-35%,https://tazz.ro/cluj-napoca/piemonte-pizza/1090/restaurant
220,Apartament 1 Bistro,https://tazzcdn.akamaized.net/uploads/cover/0_-_Cover-9.jpg,,https://tazz.ro/cluj-napoca/apartament-1-bistro/1429/restaurant
221,Pizza Square,https://tazzcdn.akamaized.net/uploads/cover/pizza-with-vegetables-on-a-wooden-table-316-small.jpg,-20%,https://tazz.ro/cluj-napoca/pizza-square/1722/restaurant
222,I Love Eat,https://tazzcdn.akamaized.net/uploads/cover/WhatsApp_Image_2022-09-30_at_15.43.24_1.jpeg,Livrare gratuită!,https://tazz.ro/cluj-napoca/i-love-eat/14946/restaurant
223,Pasta Store,https://tazzcdn.akamaized.net/uploads/cover/pasta_cover.jpg,-30% TOT meniul,https://tazz.ro/cluj-napoca/pasta-store/20229/restaurant
224,Bistro 1568,https://tazzcdn.akamaized.net/uploads/cover/poza_coperta_2.jpg,,https://tazz.ro/cluj-napoca/bistro-1568/1085/restaurant
225,Rigatoni Pasta Bar Cluj,https://tazzcdn.akamaized.net/uploads/cover/rigatoni-cover-platforme-01_3.jpg,,https://tazz.ro/cluj-napoca/rigatoni-pasta-bar-cluj/8357/restaurant
226,Mare Nera Cluj,https://tazzcdn.akamaized.net/uploads/cover/covermarenera.png,,https://tazz.ro/cluj-napoca/mare-nera-cluj/15494/restaurant
227,Marty Delivery - Sports,https://tazzcdn.akamaized.net/uploads/cover/Cover_pic__Tazz_1.jpg,-25%,https://tazz.ro/cluj-napoca/marty-delivery-sports/1185/restaurant
228,New Age Pizza,https://tazzcdn.akamaized.net/uploads/cover/0_-_Cover-11.jpg,Promo la livrare,https://tazz.ro/cluj-napoca/new-age-pizza/1327/restaurant
229,Night Box,https://tazzcdn.akamaized.net/uploads/cover/AE5CAAA7-C1D0-4FDE-BD58-247CCD175BDD.jpeg,-30% TOT meniul,https://tazz.ro/cluj-napoca/night-box/17225/restaurant
230,Broaster Chicken Cluj,https://tazzcdn.akamaized.net/uploads/cover/0_-_Cover_10.jpg,-20% TOT meniul,https://tazz.ro/cluj-napoca/broaster-chicken-cluj/2961/restaurant
231,Pancake House,https://tazzcdn.akamaized.net/uploads/cover/cover2Bistro__Pancake.jpg,,https://tazz.ro/cluj-napoca/pancake-house/1355/restaurant
232,Doner Kebab & Grill,https://tazzcdn.akamaized.net/uploads/cover/IMG-20200428-WA0000.jpg,,https://tazz.ro/cluj-napoca/doner-kebab-grill/1478/restaurant
233,Caro Vintage,https://tazzcdn.akamaized.net/uploads/cover/0_-_Cover_70.jpg,,https://tazz.ro/cluj-napoca/caro-vintage/1528/restaurant
234,Bistro Capriccio,https://tazzcdn.akamaized.net/uploads/cover/0_-_Cover_22.jpg,-20%,https://tazz.ro/cluj-napoca/bistro-capriccio/4041/restaurant
235,La Casa Delivery Vivo,https://tazzcdn.akamaized.net/uploads/cover/_BRM2205.jpg,-30%,https://tazz.ro/cluj-napoca/la-casa-delivery-vivo/4410/restaurant
236,JAR - ceaune de casă,https://tazzcdn.akamaized.net/uploads/cover/mockup_5_1920x1080.jpg,,https://tazz.ro/cluj-napoca/jar-ceaune-de-casa/11955/restaurant
237,BFF Burgers n’Fries Forever,https://tazzcdn.akamaized.net/uploads/cover/Forest_burger_3.jpg,-30% TOT meniul,https://tazz.ro/cluj-napoca/bff-burgers-n-fries-forever/11984/restaurant
238,Pratta Restaurant,https://tazzcdn.akamaized.net/uploads/cover/0_-_Cover_81.jpg,,https://tazz.ro/cluj-napoca/pratta-restaurant/1227/restaurant
239,Engels District,https://tazzcdn.akamaized.net/uploads/cover/Burger_de_vita.jpg,,https://tazz.ro/cluj-napoca/engels-district/1404/restaurant
240,Habemus Papa Delivery,https://tazzcdn.akamaized.net/uploads/cover/0_-_Cover-6_1.jpeg,,https://tazz.ro/cluj-napoca/habemus-papa-delivery/7284/restaurant
241,Frenchy Tacos,https://tazzcdn.akamaized.net/uploads/cover/FrenchyTacos_073.jpg,-20% TOT meniul,https://tazz.ro/cluj-napoca/frenchy-tacos/1136/restaurant
242,Dabo Doner Unirii Cluj,https://tazzcdn.akamaized.net/uploads/cover/DABO_-_cover_1920x1080px_25.jpg,-20%,https://tazz.ro/cluj-napoca/dabo-doner-unirii-cluj/5758/restaurant
243,Perfetto Pasta Italiano,https://tazzcdn.akamaized.net/uploads/cover/IMG-20210305-WA0023.jpg,-30%,https://tazz.ro/cluj-napoca/perfetto-pasta-italiano/5794/restaurant
244,Pizza Square Floresti,https://tazzcdn.akamaized.net/uploads/cover/pizza-with-vegetables-on-a-wooden-table-316-small_2.jpg,,https://tazz.ro/cluj-napoca/pizza-square-floresti/3946/restaurant
245,Napoca Pizza Floresti,https://tazzcdn.akamaized.net/uploads/cover/pizza_prosciutto_crudo_1920x1080.jpg,,https://tazz.ro/cluj-napoca/napoca-pizza-floresti/6723/restaurant
246,Premium Pizza Cluj,https://tazzcdn.akamaized.net/uploads/cover/0_-_Cover_54.jpg,-20%,https://tazz.ro/cluj-napoca/premium-pizza-cluj/8210/restaurant
247,Klausen Burger Brewery Floresti,https://tazzcdn.akamaized.net/uploads/cover/web2020_11_KlausenBurger_CatalinHladi-1829_1.jpg,-30%,https://tazz.ro/cluj-napoca/klausen-burger-brewery-floresti/10206/restaurant
248,Hanul din Ardeal,https://tazzcdn.akamaized.net/uploads/cover/coverhan_1.jpg,-20%,https://tazz.ro/cluj-napoca/hanul-din-ardeal/10921/restaurant
249,Cheesy Pasta Iulius Cluj,https://tazzcdn.akamaized.net/uploads/cover/Cheesy_pasta_cover_Tazz_1920x1080_px_1.jpg,,https://tazz.ro/cluj-napoca/cheesy-pasta-iulius-cluj/1380/restaurant
250,Meniul Zilei by Papa Land,https://tazzcdn.akamaized.net/uploads/cover/easy-vegetable-soup-4.jpg,-20%,https://tazz.ro/cluj-napoca/meniul-zilei-by-papa-land/2684/restaurant
251,Sultan,https://tazzcdn.akamaized.net/uploads/cover/Mega_Shawarma__de_pui_la_Farfurie.jpg,-20% TOT meniul,https://tazz.ro/cluj-napoca/sultan/1738/restaurant
252,Art Of Sushi,https://tazzcdn.akamaized.net/uploads/cover/Art_of_sushi_new_cover.jpg,-30%,https://tazz.ro/cluj-napoca/art-of-sushi/19237/restaurant
253,Napoca Pizza,https://tazzcdn.akamaized.net/uploads/cover/pizza_prosciutto_crudo_1920x1080_1.jpg,-20%,https://tazz.ro/cluj-napoca/napoca-pizza/8887/restaurant
254,Casa Vikingilor,https://tazzcdn.akamaized.net/uploads/cover/0_-_Cover_-_Copy.jpg,Bunătăți,https://tazz.ro/cluj-napoca/casa-vikingilor/1212/restaurant
255,Chopstix Iulius Mall,https://tazzcdn.akamaized.net/uploads/cover/taz_cover_6_2.png,-30%,https://tazz.ro/cluj-napoca/chopstix-iulius-mall/17850/restaurant
256,Pizza Land Cluj,https://tazzcdn.akamaized.net/uploads/cover/X1.jpg,,https://tazz.ro/cluj-napoca/pizza-land-cluj/4304/restaurant
257,Karciuma The Public House & Taste,https://tazzcdn.akamaized.net/uploads/cover/poza_cover_1.jpg,,https://tazz.ro/cluj-napoca/karciuma-the-public-house-taste/8273/restaurant
258,SushiVo Cluj,https://tazzcdn.akamaized.net/uploads/cover/sushivo-cover-platforme_3.jpg,,https://tazz.ro/cluj-napoca/sushivo-cluj/8356/restaurant
259,Ikura Sushi-Cluj Napoca,https://tazzcdn.akamaized.net/uploads/cover/Cover_Ikura_Sushi_13.png,-20%,https://tazz.ro/cluj-napoca/ikura-sushi-cluj-napoca/10579/restaurant
260,Shaormeria Baneasa Cluj Napoca,https://tazzcdn.akamaized.net/uploads/cover/coverShaormeria_Baneasa_Bioterra_2_1-4.jpg,,https://tazz.ro/cluj-napoca/shaormeria-baneasa-cluj-napoca/18039/restaurant
261,Samsara Delivery,https://tazzcdn.akamaized.net/uploads/cover/thumbnail_samsara_natuu_deli_si_cover-86p_2_1.jpg,-35%,https://tazz.ro/cluj-napoca/samsara-delivery/20678/restaurant
262,Double Cheese,https://tazzcdn.akamaized.net/uploads/cover/pizza7.jpg,-20%,https://tazz.ro/cluj-napoca/double-cheese/1178/restaurant
263,Boierul la Florenta,https://tazzcdn.akamaized.net/uploads/cover/muschi-de-vita.png,1+1,https://tazz.ro/cluj-napoca/boierul-la-florenta/2685/restaurant
264,Cheesy Pasta Vivo Mall,https://tazzcdn.akamaized.net/uploads/cover/Cheesy_pasta_cover_Tazz_1920x1080_px.jpg,,https://tazz.ro/cluj-napoca/cheesy-pasta-vivo-mall/15227/restaurant
265,Dopamine,https://tazzcdn.akamaized.net/uploads/cover/Poza_coperta_aplicayii.jpeg,-30%,https://tazz.ro/cluj-napoca/dopamine/19851/restaurant
266,Roast Burger,https://tazzcdn.akamaized.net/uploads/cover/food_Fries_burger_meat_salad-1952639.jpg,-30% TOT meniul,https://tazz.ro/cluj-napoca/roast-burger/16841/restaurant
267,Nobless,https://tazzcdn.akamaized.net/uploads/cover/noblesssss.jpeg,-20%,https://tazz.ro/cluj-napoca/nobless/5037/restaurant
268,Black Burger,https://tazzcdn.akamaized.net/uploads/cover/ClasickBlack.jpg,,https://tazz.ro/cluj-napoca/black-burger/15979/restaurant
269,AS BISTRO,https://tazzcdn.akamaized.net/uploads/cover/cover_as.jpg,,https://tazz.ro/cluj-napoca/as-bistro/15421/restaurant
270,La Tina Pizza,https://tazzcdn.akamaized.net/uploads/cover/cover_la_tina.jpg,-30%,https://tazz.ro/cluj-napoca/la-tina-pizza/14222/restaurant
271,Treponti,https://tazzcdn.akamaized.net/uploads/cover/WhatsApp_Image_2023-10-05_at_10.40.08.jpeg,-30% TOT meniul,https://tazz.ro/cluj-napoca/treponti/19676/restaurant
272,Burger Supreme,https://tazzcdn.akamaized.net/uploads/cover/cover_152.jpeg,,https://tazz.ro/cluj-napoca/burger-supreme/9638/restaurant
273,Klausen Pubhouse,https://tazzcdn.akamaized.net/uploads/cover/cover_klausen.jpg,,https://tazz.ro/cluj-napoca/klausen-pubhouse/6970/restaurant
274,Pizza Scandalos Delivery,https://tazzcdn.akamaized.net/uploads/cover/renditionDownload_20_5.jpg,-30%,https://tazz.ro/cluj-napoca/pizza-scandalos-delivery/19331/restaurant
275,Pizza & Paste,https://tazzcdn.akamaized.net/uploads/cover/3009484_NewAgePizza_Hero_1.jpg,,https://tazz.ro/cluj-napoca/pizza-paste/11197/restaurant
276,La Mistic,https://tazzcdn.akamaized.net/uploads/cover/Saorma_mare_la_lipie.jpg,,https://tazz.ro/cluj-napoca/la-mistic/4714/restaurant
277,Easy Chilli,https://tazzcdn.akamaized.net/uploads/cover/Imperiala_Chili.jpg,,https://tazz.ro/cluj-napoca/easy-chilli/1302/restaurant
278,Turk Kebapci,https://tazzcdn.akamaized.net/uploads/cover/wrap-7061741_1280.jpg,,https://tazz.ro/cluj-napoca/turk-kebapci/17670/restaurant
279,Taverna Racilor Cluj,https://tazzcdn.akamaized.net/uploads/cover/Poza_coperta_3_1.jpg,-30%,https://tazz.ro/cluj-napoca/taverna-racilor-cluj/20716/restaurant
280,Engels City,https://tazzcdn.akamaized.net/uploads/cover/187454987_l_normal_none.jpg,,https://tazz.ro/cluj-napoca/engels-city/1441/restaurant
281,Subway Cluj,https://tazzcdn.akamaized.net/uploads/cover/cover_subway_1.jpg,,https://tazz.ro/cluj-napoca/subway-cluj/4414/restaurant
282,McDonald`s Cluj,https://tazzcdn.akamaized.net/uploads/cover/covervechiMCD512_5.png,,https://tazz.ro/cluj-napoca/mcdonald-s-cluj/11337/restaurant
283,Rosa,https://tazzcdn.akamaized.net/uploads/cover/rosa_cover_2.jpg,,https://tazz.ro/cluj-napoca/rosa/11356/restaurant
284,Crispy Store,https://tazzcdn.akamaized.net/uploads/cover/poza_cover_crispy_store_2.jpg,,https://tazz.ro/cluj-napoca/crispy-store/11689/restaurant
285,Lemnul Verde Cluj,https://tazzcdn.akamaized.net/uploads/cover/0_-_Cover-7_1.jpg,Bunătăți,https://tazz.ro/cluj-napoca/lemnul-verde-cluj/11690/restaurant
286,Barbar Store,https://tazzcdn.akamaized.net/uploads/cover/poza_cover_barbar_store_2.jpg,,https://tazz.ro/cluj-napoca/barbar-store/11692/restaurant
287,Salad Box Cluj,https://tazzcdn.akamaized.net/uploads/cover/Athena_7_1.jpg,,https://tazz.ro/cluj-napoca/salad-box-cluj/11713/restaurant
288,Spartan Cluj,https://tazzcdn.akamaized.net/uploads/cover/cvr_spartan_8.jpg,,https://tazz.ro/cluj-napoca/spartan-cluj/11777/restaurant
289,KFC Cluj,https://tazzcdn.akamaized.net/uploads/cover/freshness_6.png,,https://tazz.ro/cluj-napoca/kfc-cluj/11791/restaurant
290,Noodle Pack Cluj-Napoca,https://tazzcdn.akamaized.net/uploads/cover/cover_tazz_1920x1080_px_3.jpg,-20%,https://tazz.ro/cluj-napoca/noodle-pack-cluj-napoca/12892/restaurant
291,Pizza Hut Cluj Napoca,https://tazzcdn.akamaized.net/uploads/cover/cover_tazz_PHD_1_3.jpg,,https://tazz.ro/cluj-napoca/pizza-hut-cluj-napoca/14957/restaurant
292,Lunch box from Lunchbox Cluj-Napoca,https://tazzcdn.akamaized.net/uploads/cover/Lunchbox_Iulius_1.jpg,,https://tazz.ro/cluj-napoca/lunch-box-from-lunchbox-cluj-napoca/15070/restaurant
293,Marhaba Steak Breakfast Restaurant,https://tazzcdn.akamaized.net/uploads/cover/renditionDownload_144.jpg,,https://tazz.ro/cluj-napoca/marhaba-steak-breakfast-restaurant/15938/restaurant
294,Drôlet Delivery,https://tazzcdn.akamaized.net/uploads/cover/pizza-3007395_1280_2.jpg,-30%,https://tazz.ro/cluj-napoca/dr-let-delivery/16595/restaurant
295,Mama Manu Cluj-Napoca,https://tazzcdn.akamaized.net/uploads/cover/glovopdfmm_page-0001.jpg,-20%,https://tazz.ro/cluj-napoca/mama-manu-cluj-napoca/16612/restaurant
296,MaviD Pizza Delivery,https://tazzcdn.akamaized.net/uploads/cover/renditionDownload_183.jpg,,https://tazz.ro/cluj-napoca/mavid-pizza-delivery/16626/restaurant
297,Candyland Kids,https://tazzcdn.akamaized.net/uploads/cover/pizza-5275191_1280.jpg,,https://tazz.ro/cluj-napoca/candyland-kids/16968/restaurant
298,Foodie Cluj Napoca,https://tazzcdn.akamaized.net/uploads/cover/Tazz_Banner_2.jpg,-40%,https://tazz.ro/cluj-napoca/foodie-cluj-napoca/18289/restaurant
299,Pablito,https://tazzcdn.akamaized.net/uploads/cover/intro-1585677665_2.jpg,-10% TOT meniul,https://tazz.ro/cluj-napoca/pablito/18568/restaurant
300,Deliciul Urban Dezmir,https://tazzcdn.akamaized.net/uploads/cover/renditionDownload_208.jpg,,https://tazz.ro/cluj-napoca/deliciul-urban-dezmir/18638/restaurant
301,Deliciul Urban Floresti,https://tazzcdn.akamaized.net/uploads/cover/renditionDownload_226.jpg,,https://tazz.ro/cluj-napoca/deliciul-urban-floresti/18639/restaurant
302,Pizzeria Margelatu,https://tazzcdn.akamaized.net/uploads/cover/margelatuo12.gif,,https://tazz.ro/cluj-napoca/pizzeria-margelatu/19004/restaurant
303,Gemellini Panini,https://tazzcdn.akamaized.net/uploads/cover/cover_1_3_1.jpg,Doar pe Tazz,https://tazz.ro/cluj-napoca/gemellini-panini/19134/restaurant
304,Motiko Cluj-Napoca,https://tazzcdn.akamaized.net/uploads/cover/1-1920x800_motiko_2.png,,https://tazz.ro/cluj-napoca/motiko-cluj-napoca/19139/restaurant
305,Asian Marhaba Restaurant,https://tazzcdn.akamaized.net/uploads/cover/thay_beef_with_curry_1.jpeg,,https://tazz.ro/cluj-napoca/asian-marhaba-restaurant/19198/restaurant
306,I Love Eat Delivery,https://tazzcdn.akamaized.net/uploads/cover/pizza-promo-for-two.jpeg,-30% TOT meniul,https://tazz.ro/cluj-napoca/i-love-eat-delivery/19510/restaurant
307,COFETARIA CHOCODOR,https://tazzcdn.akamaized.net/uploads/cover/renditionDownload_-_2023-09-29T122619.902.jpg,Bunătăți,https://tazz.ro/cluj-napoca/cofetaria-chocodor/19644/restaurant
308,Cut & Crust,https://tazzcdn.akamaized.net/uploads/cover/banner_cutcrust_1_1.jpg,,https://tazz.ro/cluj-napoca/cut-crust/19696/restaurant
309,Pasta la Vista Cluj-Napoca,https://tazzcdn.akamaized.net/uploads/cover/Pesto_Genovese_1.jpg,-30% TOT meniul,https://tazz.ro/cluj-napoca/pasta-la-vista-cluj-napoca/19790/restaurant
310,Yep `n Yo Cluj-Napoca,https://tazzcdn.akamaized.net/uploads/cover/cover_yep_2.jpg,,https://tazz.ro/cluj-napoca/yep-n-yo-cluj-napoca/19903/restaurant
311,MEATinc.,https://tazzcdn.akamaized.net/uploads/cover/renditionDownload_252_1.jpg,-15% TOT meniul,https://tazz.ro/cluj-napoca/meatinc-/19915/restaurant
312,Tia lounge,https://tazzcdn.akamaized.net/uploads/cover/renditionDownload_1_12.jpg,,https://tazz.ro/cluj-napoca/tia-lounge/19948/restaurant
313,Beefy Boys,https://tazzcdn.akamaized.net/uploads/cover/cover_beefy.jpg,-30% TOT meniul,https://tazz.ro/cluj-napoca/beefy-boys/20173/restaurant
314,MASTRO IMPASTA,https://tazzcdn.akamaized.net/uploads/cover/renditionDownload_26_9.jpg,,https://tazz.ro/cluj-napoca/mastro-impasta/20241/restaurant
315,Sushi Experience,https://tazzcdn.akamaized.net/uploads/cover/cover_tazz_sushi_experience_resize.png,-20% TOT meniul,https://tazz.ro/cluj-napoca/sushi-experience/20266/restaurant
316,D`amici Pizza & Catering,https://tazzcdn.akamaized.net/uploads/cover/cober_damicii.jpg,,https://tazz.ro/cluj-napoca/d-amici-pizza-catering/20367/restaurant
317,Boo.B burger,https://tazzcdn.akamaized.net/uploads/cover/cover_44_1.jpg,,https://tazz.ro/cluj-napoca/boo-b-burger/20408/restaurant
318,BITE,https://tazzcdn.akamaized.net/uploads/cover/cover_-_2023-11-22T085825.930.jpg,-20%,https://tazz.ro/cluj-napoca/bite/20430/restaurant
319,Living Pub,https://tazzcdn.akamaized.net/uploads/cover/213409019_l_normal_none.jpg,,https://tazz.ro/cluj-napoca/living-pub/20450/restaurant
320,Bick s Delivery,https://tazzcdn.akamaized.net/uploads/cover/thumbnail_aripioare-picante_cu_sos_1.jpg,-40%,https://tazz.ro/cluj-napoca/bick-s-delivery/20602/restaurant
321,Sushi Atlantis,https://tazzcdn.akamaized.net/uploads/cover/renditionDownload_-_2023-12-06T140356.275.jpg,,https://tazz.ro/cluj-napoca/sushi-atlantis/20659/restaurant
322,New York Bagels,https://tazzcdn.akamaized.net/uploads/cover/WhatsApp_Image_2021-04-01_at_11.28.19_1.jpeg,,https://tazz.ro/cluj-napoca/new-york-bagels/4082/restaurant
323,Casa Goia,https://tazzcdn.akamaized.net/uploads/cover/iImage.jpeg,-20%,https://tazz.ro/cluj-napoca/casa-goia/11103/restaurant
324,Taco Bell Iulius Cluj,https://tazzcdn.akamaized.net/uploads/cover/Cover_1_1.png,,https://tazz.ro/cluj-napoca/taco-bell-iulius-cluj/1783/restaurant
325,Rawana,https://tazzcdn.akamaized.net/uploads/cover/FundalPrimavara.jpg,,https://tazz.ro/cluj-napoca/rawana/1477/restaurant
326,Casa Dacilor Fortuna,https://tazzcdn.akamaized.net/uploads/cover/restaurantul-hanul-dacilor-cluj-napoca_large.jpg,Bunătăți,https://tazz.ro/cluj-napoca/casa-dacilor-fortuna/3158/restaurant
327,Urban Monkey - Cluj-Napoca,https://tazzcdn.akamaized.net/uploads/cover/Urban_Monkey_Cover12_1.jpeg,,https://tazz.ro/cluj-napoca/urban-monkey-cluj-napoca/8314/restaurant
328,Croque Art,https://tazzcdn.akamaized.net/uploads/cover/renditionDownload_89.jpg,-20%,https://tazz.ro/cluj-napoca/croque-art/14729/restaurant
329,Papanash,https://tazzcdn.akamaized.net/uploads/cover/WhatsApp_Image_2023-05-02_at_12.23.31.jpeg,-30% TOT meniul,https://tazz.ro/cluj-napoca/papanash/17403/restaurant
330,Apetit Catering,https://tazzcdn.akamaized.net/uploads/cover/cover_nou_1.jpg,Doar pe Tazz,https://tazz.ro/cluj-napoca/apetit-catering/1215/restaurant
331,Moritz Eis Eroilor,https://tazzcdn.akamaized.net/uploads/cover/moritzEisEisBaby_1.jpg,,https://tazz.ro/cluj-napoca/moritz-eis-eroilor/4062/restaurant
332,La Parmigiana,https://tazzcdn.akamaized.net/uploads/cover/0_-_Cover.NEF.jpg,1+1,https://tazz.ro/cluj-napoca/la-parmigiana/9201/restaurant
333,Pizzeria Prova Floresti,https://tazzcdn.akamaized.net/uploads/cover/Pizza_Capriciosa.jpg,,https://tazz.ro/cluj-napoca/pizzeria-prova-floresti/9549/restaurant
334,Rochelle Restaurant & Pub,https://tazzcdn.akamaized.net/uploads/cover/coperta2.jpg,Doar pe Tazz,https://tazz.ro/cluj-napoca/rochelle-restaurant-pub/9609/restaurant
335,The Empanadas Factory,https://tazzcdn.akamaized.net/uploads/cover/IMG-20230516-WA0014.jpg,-30%,https://tazz.ro/cluj-napoca/the-empanadas-factory/1360/restaurant
336,Bunt Bistro,https://tazzcdn.akamaized.net/uploads/cover/Cover_Bunt02.jpg,,https://tazz.ro/cluj-napoca/bunt-bistro/11145/restaurant
337,Langos & Kebab,https://tazzcdn.akamaized.net/uploads/cover/96d9bbb4c70a136d48574a25bc39ba48.jpg,-20%,https://tazz.ro/cluj-napoca/langos-kebab/12482/restaurant
338,The Cheesecake House Cluj Napoca,https://tazzcdn.akamaized.net/uploads/cover/Rainbow_Cheesecake_1.jpg,,https://tazz.ro/cluj-napoca/the-cheesecake-house-cluj-napoca/17521/restaurant
339,SoupeR,https://tazzcdn.akamaized.net/uploads/cover/196230886_l_normal_none.jpg,-20%,https://tazz.ro/cluj-napoca/souper/1226/restaurant
340,Mon Gourmet Cluj,https://tazzcdn.akamaized.net/uploads/cover/mongourmet_cover.png,,https://tazz.ro/cluj-napoca/mon-gourmet-cluj/16647/restaurant
341,Cimbru,https://tazzcdn.akamaized.net/uploads/cover/Cimbru-Delivery-by-DA-studio-58-scaled.jpg,,https://tazz.ro/cluj-napoca/cimbru/1423/restaurant
342,Nobori,https://tazzcdn.akamaized.net/uploads/cover/TBfoto_Nobori_MARI-531-scaled-1.jpg,,https://tazz.ro/cluj-napoca/nobori/2109/restaurant
343,Buzz Food Spot Flora,https://tazzcdn.akamaized.net/uploads/cover/buzzfoodpo2.jpg,-20%,https://tazz.ro/cluj-napoca/buzz-food-spot-flora/4301/restaurant
344,Fornetti Manastur,https://tazzcdn.akamaized.net/uploads/cover/WhatsApp_Image_2021-01-05_at_14.11.43.jpeg,,https://tazz.ro/cluj-napoca/fornetti-manastur/4977/restaurant
345,Cooperativa FRUFRU - Cluj-Napoca,https://tazzcdn.akamaized.net/uploads/cover/cooperativa_frufru_cover_photo.png,,https://tazz.ro/cluj-napoca/cooperativa-frufru-cluj-napoca/7323/restaurant
346,Sapore Cluj,https://tazzcdn.akamaized.net/uploads/cover/0_-_Cover_59.jpg,,https://tazz.ro/cluj-napoca/sapore-cluj/8801/restaurant
347,Nutriento,https://tazzcdn.akamaized.net/uploads/cover/nutriento-food-delivery-apps-cover0.5x.png,-30%,https://tazz.ro/cluj-napoca/nutriento/1260/restaurant
348,Tavernetta,https://tazzcdn.akamaized.net/uploads/cover/0_-_Cover_55.jpg,-40%,https://tazz.ro/cluj-napoca/tavernetta/8419/restaurant
349,Healthy and Tasty by Laura,https://tazzcdn.akamaized.net/uploads/cover/9u9a3458.jpg,,https://tazz.ro/cluj-napoca/healthy-and-tasty-by-laura/10760/restaurant
350,A La Tarte,https://tazzcdn.akamaized.net/uploads/cover/Cover_A_la_Tartee.jpg,,https://tazz.ro/cluj-napoca/a-la-tarte/2991/restaurant
351,Uzina De Mici,https://tazzcdn.akamaized.net/uploads/cover/Cover_uzina.jpeg,,https://tazz.ro/cluj-napoca/uzina-de-mici/4622/restaurant
352,Damas,https://tazzcdn.akamaized.net/uploads/cover/falafel-g619a3a894_1920.jpg,,https://tazz.ro/cluj-napoca/damas/13300/restaurant
353,Berrymania,https://tazzcdn.akamaized.net/uploads/cover/poza_cover_7.jpg,-30%,https://tazz.ro/cluj-napoca/berrymania/14492/restaurant
354,Restaurant Shenyang,https://tazzcdn.akamaized.net/uploads/cover/0_-_Cover_51.jpg,,https://tazz.ro/cluj-napoca/restaurant-shenyang/7032/restaurant
355,Pablo`s Colombia Coffee,https://tazzcdn.akamaized.net/uploads/cover/0_-_Cover_84.jpg,,https://tazz.ro/cluj-napoca/pablo-s-colombia-coffee/9477/restaurant
356,Casa Tarancutei,https://tazzcdn.akamaized.net/uploads/cover/Fotografie_grup_coperta_platforma20.jpg,,https://tazz.ro/cluj-napoca/casa-tarancutei/4751/restaurant
357,Figo`s Pizza,https://tazzcdn.akamaized.net/uploads/cover/cover_figos.jpg,,https://tazz.ro/cluj-napoca/figo-s-pizza/7059/restaurant
358,L`Eclair Magique,https://tazzcdn.akamaized.net/uploads/cover/cover_eclaire.jpg,,https://tazz.ro/cluj-napoca/l-eclair-magique/12600/restaurant
359,Joben @ Home,https://tazzcdn.akamaized.net/uploads/cover/Cover_Joben.jpg,Doar pe Tazz,https://tazz.ro/cluj-napoca/joben-home/17783/restaurant
360,La Casa Delivery Liberty,https://tazzcdn.akamaized.net/uploads/cover/ceafa_porc_20210227_D4D_0309.jpg,-20%,https://tazz.ro/cluj-napoca/la-casa-delivery-liberty/9478/restaurant
361,Cameleon Coffee Shop,https://tazzcdn.akamaized.net/uploads/cover/renditionDownload_45.jpg,,https://tazz.ro/cluj-napoca/cameleon-coffee-shop/12656/restaurant
362,El-Melek Food,https://tazzcdn.akamaized.net/uploads/cover/WhatsApp_Image_2022-08-10_at_16.28.12_4.jpeg,,https://tazz.ro/cluj-napoca/el-melek-food/14565/restaurant
363,Raio Pizza,https://tazzcdn.akamaized.net/uploads/cover/Cover_Tazz_1920x1080.jpeg,-20%,https://tazz.ro/cluj-napoca/raio-pizza/1234/restaurant
364,Pizza Yola,https://tazzcdn.akamaized.net/uploads/cover/2ee2a924-83ac-4788-86d5-35f942849ef9.jpg,,https://tazz.ro/cluj-napoca/pizza-yola/3179/restaurant
365,Roll & Roll Kurtos,https://tazzcdn.akamaized.net/uploads/cover/WhatsApp_Image_2020-12-21_at_23.08.37.jpeg,,https://tazz.ro/cluj-napoca/roll-roll-kurtos/4887/restaurant
366,The Kitchen,https://tazzcdn.akamaized.net/uploads/cover/The_kitchen_new_cover.jpg,-15%,https://tazz.ro/cluj-napoca/the-kitchen/19499/restaurant
367,Piadina Sigma,https://tazzcdn.akamaized.net/uploads/cover/0_-_Cover_29.jpg,,https://tazz.ro/cluj-napoca/piadina-sigma/1100/restaurant
368,Jabbar Kebab House,https://tazzcdn.akamaized.net/uploads/cover/Kebab_de_Pui.jpg,,https://tazz.ro/cluj-napoca/jabbar-kebab-house/1119/restaurant
369,Blidu` cu gust,https://tazzcdn.akamaized.net/uploads/cover/5574d069-5ce5-48ac-8c74-bc72bf39e3af.jpeg,,https://tazz.ro/cluj-napoca/blidu-cu-gust/1810/restaurant
370,Cofetaria Atelier Dulce Amarui,https://tazzcdn.akamaized.net/uploads/cover/0_-_Cover_42.jpg,Bunătăți,https://tazz.ro/cluj-napoca/cofetaria-atelier-dulce-amarui/4392/restaurant
371,Restaurant Agape,https://tazzcdn.akamaized.net/uploads/cover/0_-_Cover_1.jpg,,https://tazz.ro/cluj-napoca/restaurant-agape/4609/restaurant
372,Restaurant Family Republicii,https://tazzcdn.akamaized.net/uploads/cover/1220-7086.jpg,,https://tazz.ro/cluj-napoca/restaurant-family-republicii/10155/restaurant
373,Shanghai Express Iris,https://tazzcdn.akamaized.net/uploads/cover/renditionDownload_3_2_2.jpg,,https://tazz.ro/cluj-napoca/shanghai-express-iris/11321/restaurant
374,I`SOLA DEI SAPORI,https://tazzcdn.akamaized.net/uploads/cover/U2NyZWVuc2hvdF8yMDIzMDQwNS0xODA1MTUtNTgz1.jpg,-15% TOT meniul,https://tazz.ro/cluj-napoca/i-sola-dei-sapori/16869/restaurant
375,HERA,https://tazzcdn.akamaized.net/uploads/cover/cover_hera.jpg,,https://tazz.ro/cluj-napoca/hera/6570/restaurant
376,Claro,https://tazzcdn.akamaized.net/uploads/cover/cover_claro.jpg,,https://tazz.ro/cluj-napoca/claro/7037/restaurant
377,Paprika Iulius Mall,https://tazzcdn.akamaized.net/uploads/cover/paprika-cover-.jpg,,https://tazz.ro/cluj-napoca/paprika-iulius-mall/11070/restaurant
378,Noodle Pack Breakfast,https://tazzcdn.akamaized.net/uploads/cover/cover_Noodle_Pack_Breakfast.jpg,,https://tazz.ro/cluj-napoca/noodle-pack-breakfast/15502/restaurant
379,Dashi Ramen & Teriyaki,https://tazzcdn.akamaized.net/uploads/cover/WhatsApp_Image_2020-06-12_at_12.40.41.jpeg,-20% TOT meniul,https://tazz.ro/cluj-napoca/dashi-ramen-teriyaki/2960/restaurant
380,Pauza Mica by Selgros Cluj,https://tazzcdn.akamaized.net/uploads/cover/Pauza_mica_2.jpeg,,https://tazz.ro/cluj-napoca/pauza-mica-by-selgros-cluj/3761/restaurant
381,Jerry`s Pizza Cluj Napoca,https://tazzcdn.akamaized.net/uploads/cover/JP_Tazz_Cover_1920x1080_2.png,,https://tazz.ro/cluj-napoca/jerry-s-pizza-cluj-napoca/15906/restaurant
382,Vagabundos Food Truck,https://tazzcdn.akamaized.net/uploads/cover/74217304_2710455302346193_5990639759058272256_o.jpg,-20%,https://tazz.ro/cluj-napoca/vagabundos-food-truck/4100/restaurant
383,Pizzerie - Delivery Marco Polo,https://tazzcdn.akamaized.net/uploads/cover/cover12Pizzerie_-_Delivery_Marco_Polo.jpg,-40%,https://tazz.ro/cluj-napoca/pizzerie-delivery-marco-polo/4117/restaurant
384,Jay Bubble Tea Vivo Cluj Napoca,https://tazzcdn.akamaized.net/uploads/cover/POZA_ANTET__1.jpg,,https://tazz.ro/cluj-napoca/jay-bubble-tea-vivo-cluj-napoca/4398/restaurant
385,California Burger,https://tazzcdn.akamaized.net/uploads/cover/poza_cover_restaurant_1920x1080.jpeg,,https://tazz.ro/cluj-napoca/california-burger/8558/restaurant
386,Restaurant Chic,https://tazzcdn.akamaized.net/uploads/cover/Chic_cover1.jpg,,https://tazz.ro/cluj-napoca/restaurant-chic/9504/restaurant
387,Atelier Dulce Amarui,https://tazzcdn.akamaized.net/uploads/cover/0_-_Cover_42_1.jpg,Bunătăți,https://tazz.ro/cluj-napoca/atelier-dulce-amarui/15221/restaurant
388,Noglu - gluten free,https://tazzcdn.akamaized.net/uploads/cover/vover.jpg,,https://tazz.ro/cluj-napoca/noglu-gluten-free/7389/restaurant
389,Caffeine Coffee To Go,https://tazzcdn.akamaized.net/uploads/cover/cover_16_2.jpg,,https://tazz.ro/cluj-napoca/caffeine-coffee-to-go/10697/restaurant
390,Austrian Taste Centru,https://tazzcdn.akamaized.net/uploads/cover/0_-_Cover_-_Copy_2.jpg,,https://tazz.ro/cluj-napoca/austrian-taste-centru/4403/restaurant
391,Strit fud by Petry Cluj Napoca,https://tazzcdn.akamaized.net/uploads/cover/Hamburger01.jpg,-20%,https://tazz.ro/cluj-napoca/strit-fud-by-petry-cluj-napoca/10712/restaurant
392,Jabbar Kebab & More,https://tazzcdn.akamaized.net/uploads/cover/Hummus_cu_Pui.jpg,-30%,https://tazz.ro/cluj-napoca/jabbar-kebab-more/1386/restaurant
393,Cool Burger,https://tazzcdn.akamaized.net/uploads/cover/black_hot_meniu_1600x1200.jpg,,https://tazz.ro/cluj-napoca/cool-burger/5510/restaurant
394,Wok` n Roll Floresti,https://tazzcdn.akamaized.net/uploads/cover/renditionDownload_150.jpg,-30%,https://tazz.ro/cluj-napoca/wok-n-roll-floresti/16581/restaurant
395,Wok` n Roll,https://tazzcdn.akamaized.net/uploads/cover/IMG_2414.jpg,-30%,https://tazz.ro/cluj-napoca/wok-n-roll/1155/restaurant
396,Shanghai Express Memo,https://tazzcdn.akamaized.net/uploads/cover/shanghai-express-web-51.jpg,,https://tazz.ro/cluj-napoca/shanghai-express-memo/2096/restaurant
397,Stradale Cluj,https://tazzcdn.akamaized.net/uploads/cover/meniu_sss.jpg,Doar pe Tazz,https://tazz.ro/cluj-napoca/stradale-cluj/3404/restaurant
398,Darius Pizza,https://tazzcdn.akamaized.net/uploads/cover/121070932_1567180860139543_5232858336746683648_o.jpg,,https://tazz.ro/cluj-napoca/darius-pizza/4393/restaurant
399,Toha,https://tazzcdn.akamaized.net/uploads/cover/crispy.jpg,,https://tazz.ro/cluj-napoca/toha/1294/restaurant
400,Shanghai Iulius Mall,https://tazzcdn.akamaized.net/uploads/cover/ALL_the_Good_Stuff.jpg,,https://tazz.ro/cluj-napoca/shanghai-iulius-mall/1364/restaurant
401,Casa Maramureseana,https://tazzcdn.akamaized.net/uploads/cover/casa-maramureseana-8307-big.jpg,,https://tazz.ro/cluj-napoca/casa-maramureseana/1797/restaurant
402,Casa Piratilor,https://tazzcdn.akamaized.net/uploads/cover/130828136_1431098190418812_2918990607653481972_n.jpg,,https://tazz.ro/cluj-napoca/casa-piratilor/4819/restaurant
403,Salad Box Sigma,https://tazzcdn.akamaized.net/uploads/cover/Athena.jpg,,https://tazz.ro/cluj-napoca/salad-box-sigma/3069/restaurant
404,Shanghai Express Cora,https://tazzcdn.akamaized.net/uploads/cover/cora.jpeg,,https://tazz.ro/cluj-napoca/shanghai-express-cora/8530/restaurant
405,Viva la food,https://tazzcdn.akamaized.net/uploads/cover/viva-la-food.jpg,,https://tazz.ro/cluj-napoca/viva-la-food/8571/restaurant
406,Varzarie,https://tazzcdn.akamaized.net/uploads/cover/borsch-g67e6a69ac_1920.jpg,Bunătăți,https://tazz.ro/cluj-napoca/varzarie/10628/restaurant
407,Fresh and Yummy,https://tazzcdn.akamaized.net/uploads/cover/bol-cu-somon-teriaky.jpg,,https://tazz.ro/cluj-napoca/fresh-and-yummy/10864/restaurant
408,Mad Grill,https://tazzcdn.akamaized.net/uploads/cover/renditionDownload_1_2_1920x1080.jpg,Bunătăți,https://tazz.ro/cluj-napoca/mad-grill/11301/restaurant
409,Restaurant Arena,https://tazzcdn.akamaized.net/uploads/cover/cover-restaurant-arena.jpg,,https://tazz.ro/cluj-napoca/restaurant-arena/10805/restaurant
410,Beluga,https://tazzcdn.akamaized.net/uploads/cover/0_-_Cover_33.jpg,,https://tazz.ro/cluj-napoca/beluga/3588/restaurant
411,Il Caffe Dell`Angolo,https://tazzcdn.akamaized.net/uploads/cover/197932721_l_normal_none2.jpg,,https://tazz.ro/cluj-napoca/il-caffe-dell-angolo/4705/restaurant
412,Meniul zilei by Papa Land Central,https://tazzcdn.akamaized.net/uploads/cover/meniul-zilei.jpeg,-20%,https://tazz.ro/cluj-napoca/meniul-zilei-by-papa-land-central/9790/restaurant
413,Doua Boabe Baciu,https://tazzcdn.akamaized.net/uploads/cover/Cover_Boabe1_1.jpg,,https://tazz.ro/cluj-napoca/doua-boabe-baciu/13290/restaurant
414,TCI Social Club,https://tazzcdn.akamaized.net/uploads/cover/HNCK2097-2210x1473.jpg,,https://tazz.ro/cluj-napoca/tci-social-club/1074/restaurant
415,Cofetaria Arta - Atelier de dulce,https://tazzcdn.akamaized.net/uploads/cover/mousse-zmeura-vanilie-pahar-00-cofetaria-arta-deva-dulciuri-prajituri-900x900.jpg,Bunătăți,https://tazz.ro/cluj-napoca/cofetaria-arta-atelier-de-dulce/6170/restaurant
416,Hanul din Ardeal Central,https://tazzcdn.akamaized.net/uploads/cover/coverhan.jpg,-20%,https://tazz.ro/cluj-napoca/hanul-din-ardeal-central/10900/restaurant
417,Paprika Kaufland Campului,https://tazzcdn.akamaized.net/uploads/cover/paprika-cover-_1.jpg,,https://tazz.ro/cluj-napoca/paprika-kaufland-campului/11073/restaurant
418,Restaurant Transilvania,https://tazzcdn.akamaized.net/uploads/cover/italian-paste-3.jpg,-20% TOT meniul,https://tazz.ro/cluj-napoca/restaurant-transilvania/4693/restaurant
419,Bistro 22,https://tazzcdn.akamaized.net/uploads/cover/0_-_Cover_43.jpg,-20%,https://tazz.ro/cluj-napoca/bistro-22/3541/restaurant
420,Bistro Engels Croco,https://tazzcdn.akamaized.net/uploads/cover/13._Sandwiches_-_Croque_Mod.jpg,,https://tazz.ro/cluj-napoca/bistro-engels-croco/4185/restaurant
421,DOT - Brunch House,https://tazzcdn.akamaized.net/uploads/cover/DOT_New_cover.jpg,-25% TOT meniul,https://tazz.ro/cluj-napoca/dot-brunch-house/9867/restaurant
422,Los Toreros,https://tazzcdn.akamaized.net/uploads/cover/Steak_de_vita_angus_la_grill_cu_ceapa_caramelizata.jpg,,https://tazz.ro/cluj-napoca/los-toreros/1578/restaurant
423,La Casa Delivery,https://tazzcdn.akamaized.net/uploads/cover/camembert_black_angus_burger_01.jpg,,https://tazz.ro/cluj-napoca/la-casa-delivery/2646/restaurant
424,Hugs & Mugs,https://tazzcdn.akamaized.net/uploads/cover/105A3615.jpg,-20%,https://tazz.ro/cluj-napoca/hugs-mugs/17741/restaurant
425,Pokka Express,https://tazzcdn.akamaized.net/uploads/cover/0_-_Cover_61.jpg,-30%,https://tazz.ro/cluj-napoca/pokka-express/8930/restaurant
426,TrioX Catering,https://tazzcdn.akamaized.net/uploads/cover/28379248_1578678718833831_1379301451342036582_n.jpg,,https://tazz.ro/cluj-napoca/triox-catering/3731/restaurant
427,Vila Europa,https://tazzcdn.akamaized.net/uploads/cover/poza_de_fundal_restaurant_europa.jpg,,https://tazz.ro/cluj-napoca/vila-europa/7477/restaurant
428,Döner & Shawarma by Sultan,https://tazzcdn.akamaized.net/uploads/cover/a_theFRANCISC_photo-92.jpg,-20% TOT meniul,https://tazz.ro/cluj-napoca/d-ner-shawarma-by-sultan/16296/restaurant
429,Sultan by Night,https://tazzcdn.akamaized.net/uploads/cover/Mega_Shawarma__de_pui_la_Farfurie_1.jpg,-20% TOT meniul,https://tazz.ro/cluj-napoca/sultan-by-night/19630/restaurant
430,Fornetti Napoca,https://tazzcdn.akamaized.net/uploads/cover/fornetti_cover.jpg,,https://tazz.ro/cluj-napoca/fornetti-napoca/15956/restaurant
431,New Croco Pizzerie Delivery,https://tazzcdn.akamaized.net/uploads/cover/IMG_3324-1903x950_1.jpg,,https://tazz.ro/cluj-napoca/new-croco-pizzerie-delivery/16140/restaurant
432,Opulent,https://tazzcdn.akamaized.net/uploads/cover/OPULEN_1.jpeg,-30% TOT meniul,https://tazz.ro/cluj-napoca/opulent/19940/restaurant
433,Pizza 4 you,https://tazzcdn.akamaized.net/uploads/cover/cover_595.jpg,1+1,https://tazz.ro/cluj-napoca/pizza-4-you/18082/restaurant
434,Sweets by Findi,https://tazzcdn.akamaized.net/uploads/cover/FranciscPhotographer-167.2jpg.jpg,,https://tazz.ro/cluj-napoca/sweets-by-findi/11033/restaurant
435,BOOST By Turbo Cafe,https://tazzcdn.akamaized.net/uploads/cover/cover_175.jpg,Doar pe Tazz,https://tazz.ro/cluj-napoca/boost-by-turbo-cafe/11859/restaurant
436,Cofetaria La Creme Cluj,https://tazzcdn.akamaized.net/uploads/cover/la_creme.jpg,-30%,https://tazz.ro/cluj-napoca/cofetaria-la-creme-cluj/14707/restaurant
437,Mike`s Pizzeria & Bistro,https://tazzcdn.akamaized.net/uploads/cover/Pizza_Tirolese345.jpg,,https://tazz.ro/cluj-napoca/mike-s-pizzeria-bistro/14834/restaurant
438,Hugo Cluj-Napoca,https://tazzcdn.akamaized.net/uploads/cover/89347204_1322554137928403_7204610280997781504_o_1.jpg,Bunătăți,https://tazz.ro/cluj-napoca/hugo-cluj-napoca/15071/restaurant
439,Prime Hookah,https://tazzcdn.akamaized.net/uploads/cover/Cover_hookah.jpg,,https://tazz.ro/cluj-napoca/prime-hookah/15198/restaurant
440,Mitzu,https://tazzcdn.akamaized.net/uploads/cover/8.02_Mitzu_cover-1920x1080px_colaj_1.jpg,Doar pe Tazz,https://tazz.ro/cluj-napoca/mitzu/16042/restaurant
441,Yads - Crazy Food,https://tazzcdn.akamaized.net/uploads/cover/cover_ROOTS.jpg,,https://tazz.ro/cluj-napoca/yads-crazy-food/17520/restaurant
442,Fit & Healthy by London Brothers,https://tazzcdn.akamaized.net/uploads/cover/tuna.jpg,-30%,https://tazz.ro/cluj-napoca/fit-healthy-by-london-brothers/17659/restaurant
443,COFFEE BREAK,https://tazzcdn.akamaized.net/uploads/cover/CoffeeBreakCulture.jpg,,https://tazz.ro/cluj-napoca/coffee-break/18602/restaurant
444,My Place Bistro,https://tazzcdn.akamaized.net/uploads/cover/295429-Cheesy-Beef-Burger-and-Cajun-Wedges-1589276236-rectangular_image_1280x720.jpg,,https://tazz.ro/cluj-napoca/my-place-bistro/18645/restaurant
445,Pizza Scandalos,https://tazzcdn.akamaized.net/uploads/cover/renditionDownload_20_4.jpg,,https://tazz.ro/cluj-napoca/pizza-scandalos/19330/restaurant
446,Un Dulce de la Vlad Muresan,https://tazzcdn.akamaized.net/uploads/cover/Tort_Pavlova_cu_crema_de_mascarpone_si_fructe_proaspete_1_1.jpg,Bunătăți,https://tazz.ro/cluj-napoca/un-dulce-de-la-vlad-muresan/19514/restaurant
447,Xtian Kitchen,https://tazzcdn.akamaized.net/uploads/cover/1233x740_cover_39524ca808aa4c828292d378ce6adc29.webp,,https://tazz.ro/cluj-napoca/xtian-kitchen/19920/restaurant
448,Djamon Foodtruck,https://tazzcdn.akamaized.net/uploads/cover/X_218_1.jpg,,https://tazz.ro/cluj-napoca/djamon-foodtruck/19938/restaurant
449,Gelu Covrigelu,https://tazzcdn.akamaized.net/uploads/cover/poza_profil_7.jpg,,https://tazz.ro/cluj-napoca/gelu-covrigelu/19949/restaurant
450,CHEF 13,https://tazzcdn.akamaized.net/uploads/cover/cover_chef_13.jpg,,https://tazz.ro/cluj-napoca/chef-13/20629/restaurant
451,Bakeron Cluj Napoca,https://tazzcdn.akamaized.net/uploads/cover/renditionDownload_29_1.png,,https://tazz.ro/cluj-napoca/bakeron-cluj-napoca/20645/restaurant
452,Fit & Healthy Delivery by London Brothers,https://tazzcdn.akamaized.net/uploads/cover/tuna_2.jpg,-30%,https://tazz.ro/cluj-napoca/fit-healthy-delivery-by-london-brothers/20699/restaurant
